id,title,city,street,phone,website,google_place_id,treatment_category,claimed
d737cf21-4bbc-440e-8f1f-fb9c0697871a,Saks Hair & Beauty Union Square,Aberdeen,"31 Guild St, Aberdeen AB11 5RG",+44 1224 591300,http://www.saksaberdeen.com/,ChIJF5H9rjsOhEgRBxDC3FwpCoA,Cosmetic Systems,NO
398ba646-575a-4f01-81e1-16d8ab618e80,Finishing Touches,Aberdeen,"29 Ashley Gardens, Aberdeen AB10 6SH",+44 1224 211117,,ChIJcRml7tARhEgRHwKZfBcixxU,,NO
109f5676-5460-4b39-80da-1d5fc184108d,London Hair System,Barnet,18 Station Rd,+44 20 8044 4030,https://londonhairsystem.uk/,ChIJ01ltcP8ZdkgRt8oEl66MEzE,Cosmetic Systems,NO
56bc22be-4140-42ba-9474-eb0b7409594f,Hair Loss Laser Group,Barrow-in-Furness,31 Furness Park Rd,+44 800 566 8564,,ChIJLVWa7sqofEgRI_lpbRC3dMc,Cosmetic Systems,NO
d581b3dc-0d42-469e-91a2-65fc404df37c,Barnet Boss,Basingstoke,115 Pack Ln,+44 7789 003190,http://barnetboss.co.uk/,ChIJ1QsyuKkYdEgRe14KVfWfd48,Cosmetic Systems,NO
fed626bd-f5ae-4cd6-bdd7-670a419425b0,Beautiful Betsy,Bath,39 Gay St,+44 7951 048297,http://www.beautifulbetsy.co.uk/,ChIJo4YmxGsickgRv45NNY0pGbg,Cosmetic Systems,NO
4dc07da9-4fec-4de9-9c15-999741d6e24f,Scalp Contour UK,Bath,"St James House, 44 St James's Parade",+44 1225 462288,,ChIJyzbSm4OBcUgRe_llT8CBMFE,Cosmetic Systems,NO
6918b728-6dbb-4d0d-ab65-6aa5289decbc,Jane Elizabeth Ltd,Bedford,22 Flitwick Rd,+44 7377 701153,,ChIJvdKqEHKzd0gRbEWhtMznT6c,Cosmetic Systems,NO
702d9410-1cb3-469a-9094-9586edd805e8,Restore by Danielle,Belper,8a Strutt St,+44 7716 575752,http://restorebydanielle.co.uk/,ChIJJZMeIDnzeUgRz63XvWc0-J8,Cosmetic Systems,NO
1c039751-c276-4023-8ef8-473da4cf29a6,Integration Hairloss Clinic,Birkenhead,22 Hamilton St,,,ChIJFeTEiRwne0gROOJ1UQ98wtk,Cosmetic Systems,NO
e46429bb-e712-4671-8cc3-19747e9887c8,Tru Hair,Birmingham,86-88 Hawthorn Rd,+44 121 377 7689,https://truhair.co.uk/,ChIJS5SP56GkcEgRWyOUrnc4olU,Cosmetic Systems,NO
ebe2f306-98cb-4948-ac1e-502d37d17a4b,Pink Hair,Birmingham,86-88 Hawthorn Rd,+44 121 350 3826,http://www.pinkhairsolutions.co.uk/,ChIJz0rC6KGkcEgRVAzaD2F6okw,Wig Specialist,NO
454b3378-f360-4f67-be2d-78b6051bfa63,Ke.Skin Aesthetic,Birmingham,"The Mansion, 27 Frederick St",+44 20 8129 2717,https://www.keskinaesthetic.co.uk/,ChIJgx44ac69cEgRiQI7L6Ggiso,Advanced Scalp Therapies,NO
f4f9b0a0-3f64-410f-be93-ade382fc6296,Big Hair Don't Care,Birmingham,55 Savernake Cl,+44 7562 428700,https://www.facebook.com/bighairdontcarebirmingham/,ChIJR2e7TwqVcEgRWG2FEbcsghc,Cosmetic Systems,NO
bab77051-aa91-4f57-9d7c-d51ba03c0cc0,A.P Hair replacement specialist,Birmingham,"Unit 4, Phenix Salon Suites, 2 Snow Hill Queensway",+44 7306 732273,http://vision2028.booksy.com/,ChIJ_V-mgpS9cEgR_Kr9hmwqafw,Cosmetic Systems,NO
f0de40cd-0d34-476b-8841-44e94b9f5e73,The Wig Clinic - Birmingham,Birmingham,41 The Priory Queensway,+44 121 401 1019,,ChIJ1Xgrgo-8cEgR9ksVoO-led0,Cosmetic Systems,NO
d58dd865-41af-45a4-b03f-ad46ebcbb312,Hair Loss Laser Group,Birmingham,253 Pretoria Rd,+44 121 529 1503,,ChIJqdhUhA67cEgRipcNIF8ejLQ,Cosmetic Systems,NO
ffd6695f-73c1-401a-9216-ef42845a0946,Haus of Brow - Advanced Aesthetics,Birmingham,"Evolution hair salon, 342 Bradford Rd",+44 7972 237667,http://www.haus-of-brow.com/,ChIJP_BdI9qxcEgRz0VlMzeq5JY,Cosmetic Systems,NO
2398a96f-19a9-4cae-b1fd-42d309190468,Anõn hair replacement specialist,Birmingham,"Unit 1, 14 Hylton St",,,ChIJEWSS5Su9cEgRSDI3p2gcUAo,Cosmetic Systems,NO
6b36108b-715c-4c3d-9b57-244f0bc71ec4,Scalp Doctor®️,Birmingham,"Branston Court, Branston St",+44 7401 213593,https://scalpdoctor.co.uk/,ChIJv0AivnC5cEgRbyiqgGaDj8M,Advanced Scalp Therapies,NO
9809fffa-0392-4a1d-816a-0a1a9733948c,The Scalp Store,Birmingham,12 The Minories,+44 7908 411850,,ChIJ62y2cwC9cEgRrZMEbdci0r4,Cosmetic Systems,NO
06cd65ed-2874-42d7-968f-15c0d9562377,"Aveline Therapy IV Drip & Hair Loss Clinic | Edgbaston, Birmingham",Birmingham,86 Hagley Rd,,http://www.avelinetherapy.co.uk/,ChIJh8A16hS9cEgR_fjZ0Y8eqKc,Cosmetic Systems,NO
f3badb33-0a95-442a-af57-3ee43d032b11,Defined Edge,Birmingham,80 High St,+44 7528 964681,,ChIJ_fCioOWxcEgRAIlBU49kqq8,Cosmetic Systems,NO
db0c3467-30fc-4732-a2a7-95521ec97251,The Salon & Co.,Blackpool,342 Waterloo Rd,+44 1253 699557,,ChIJHVUJZvFDe0gRgSQEGzhgQmI,Cosmetic Systems,NO
c8cdde71-72d2-4e5b-8eaf-47091ab458b9,Perfect Symmetry Beauty Clinic,Blackpool,"280 Whitegate Dr, Blackpool FY3 9JW",+44 1253 694441,,ChIJAQCm1Y5De0gRCdVJqY_Ma8Q,,NO
64d83ec8-23ac-4ab5-b821-30334e25c6d1,Hair Hub,Blackpool,"177 Church St, Blackpool FY1 3NX",+44 1253 759388,https://hairhubblackpool.co.uk/,ChIJq6qqqnlEe0gRk07ojEd7FEs,Cosmetic Systems,NO
a4cbe324-6cd2-4b32-bb86-37ab7725971f,Hairlucinations,Bootle,7475 Stanley Rd,+44 151 922 6652,http://www.hairlucinations.com/,ChIJofR2jPAje0gRnxZoE4GdUoI,Wig Specialist,NO
3b7e850b-c396-4f6f-9531-7f09c6c45bbd,Hairlucinations Hair Replacement,Bootle,"New Strand Shopping Centre, 74-75 The Hexagon",+44 7720 665077,https://hairlucinationswigs.com/,ChIJAUcvJSAje0gRQj-fC5N2kvA,Cosmetic Systems,NO
b29e05f6-dda3-4eae-8ace-d18900e3c3ba,REHAIR,Bournemouth,"189 Seabourne Rd, Bournemouth BH5 2HH",+44 7393 407154,https://www.re-hair.co.uk/,ChIJ0_z4rGyfc0gRQcrSeKVKMpw,Cosmetic Systems,NO
2b4161c7-2c72-4bf1-b319-b5ac2a7d1491,Yazmins Mobile Hair Extensions,Bournemouth,"9 Alumhurst Rd, Westbourne",+44 7581 002787,,ChIJ0xmj3qChc0gRWugKPcyOw5s,,NO
83253a32-861f-4c07-bd62-1a1def7adf30,Aspire Hair Loss Studio,Bradford,7 Parry Ln,+44 1274 297613,http://www.aspirehairstudio.co.uk/,ChIJf4VqWWThe0gR7fxiWAZhpqQ,Both,NO
4642a549-0e50-429b-b513-fbd75368e50d,Personalise By Design Limited,Braintree,25 St Mary's Cl,+44 7507 299206,https://www.personalisebydesign.co.uk/,ChIJaSCXlw752EcRx_aEDtrP2lE,Cosmetic Systems,NO
aea565e3-c0bc-4ecc-91e6-a79e1aa96d5d,SCALP INK SOUTH WEST,Bridgwater,24 Manor Park,+44 7538 894333,https://www.facebook.com/SCINKSW/,ChIJQ5BZwQcHckgRRZoWZG0qCPQ,Advanced Scalp Therapies,NO
eba21530-29ef-43c6-8799-917176b8cf5d,Hair Replacement Lounge,Brierley Hill,80 High St,+44 7800 855928,,ChIJYfSqK4CRcEgRUqw87UIP69Q,Cosmetic Systems,NO
8a9614e0-0e0d-41be-8caa-b1f27163a647,Crowns Brighton,Brighton and Hove,"9-10 Cranbourne St, Brighton and Hove",+44 1273 710928,http://www.crownsbrighton.co.uk/,ChIJL5QxmQyFdUgR02KCRbROSYc,General Salon,NO
1b66bafa-5b35-4a0b-b8e5-30afd599158b,The SMP Artist,Brighton and Hove,"Woodingdean, Brighton and Hove",+44 7715 281216,http://www.thesmpartist.co.uk/,ChIJE-55JueHdUgRKoN9R6IEu-4,Cosmetic Systems,NO
54a559d3-4955-4e47-b266-755f91d90aa1,Hair In Xs,Brighton and Hove,"23 Whitehawk Rd, Brighton and Hove",+44 1273 602507,,ChIJTfbRYMSFdUgRXG1yrt0isfA,,NO
e9c19454-611e-4909-8aae-b7d865f57c78,HouseofHair Bristol,Bristol,3 Union St,+44 117 990 2904,http://houseofhairbristol.co.uk/,ChIJ80lTirqPcUgRHwYto_q9D8Y,Cosmetic Systems,NO
a00d4375-6bf1-4848-a563-018f97cb37e3,Scalp Micro Bristol,Bristol,,+44 7902 049233,http://scalpmicrobristol.exclusivesmp.com/,ChIJlVEnhjqPcUgRm2ZvwlTsoic,Both,NO
de6a871e-9941-470c-b3cf-30d3cf13949b,Brandwood Clinic,Bristol,"Studio 3, 3 Berkeley Square",+44 121 296 9280,https://www.brandwoodclinic.com/bristol,ChIJDao2oAuNcUgRroZgJ55BxRY,Cosmetic Systems,NO
1bfc206f-700f-4995-8e0a-cdbd6f8c7576,Hair4all,Bristol,9 Heron Way,+44 117 454 5455,http://hair4alluk.com/,ChIJWVwu0H-ccUgRSDIB3U79Ya0,Cosmetic Systems,NO
e6d92104-6f67-45b3-b0a4-9baf39bf358b,EXPERT BLND,Bromsgrove,8 Beech Rd,+44 7946 752934,http://www.expertblnd.com/,ChIJedTuzlLrcEgRoxpVn5dRGtA,Advanced Scalp Therapies,NO
800aaa2c-de0f-4207-95d1-38ea70b6a503,ST Unique Hair Systems LTD,Burntwood,121 High St,+44 1543 682146,http://www.st-uniquehairsystems.co.uk/,ChIJ0QmreK2hcEgRkwtxyN1uYYw,Cosmetic Systems,NO
f021ac88-4473-4891-9efc-02d433f5138d,Julia O'Dwyer Clinic,Bury Saint Edmunds,17 Privet Way,+44 7756 967824,https://juliaodwyer-clinic.co.uk/,ChIJj69vqshG2EcR3mEnkqnj6Rw,Advanced Scalp Therapies,NO
cba554f4-eaa3-4aff-a17b-1e612c068272,The Scalp Clinic UK,Bury Saint Edmunds,12 Grosvenor House Ct,+44 7931 052680,https://thescalpclinicuk.co.uk/,ChIJm8sjXzVH2EcRLsMBT36muxw,Cosmetic Systems,NO
9d45b686-7206-4e67-99b2-f8541b8a2811,Scalp Solutions International Ltd,Bury Saint Edmunds,17 Privet Way,+44 7756 967824,http://www.julia-odwyer.com/,ChIJ_9X08wBH2EcRLeL0AKjlpf4,Cosmetic Systems,NO
f3ce7511-47be-4e85-9b11-80beaa3e8c57,lustyhair,Camborne,39 Weeth Rd,+44 7855 446603,http://www.lustylocks.co.uk/,ChIJw_z8Hmkha0gRIoo-nxDW7qs,Cosmetic Systems,NO
35329dac-0999-441b-a784-2ec512631a99,Scalptastic,Cambridge,17 Stokes Cl,+44 7398 000240,,ChIJk2z9udPle0gR0deqL0zwQ94,Cosmetic Systems,NO
8caab207-1b91-4971-a7f1-d4ba32cef0c2,hairsystems,Cambridge,43 Weavers Fld,+44 7984 493833,,ChIJb4Z6bmp32EcRFqkH0gxJX8s,Cosmetic Systems,NO
3921aa2b-2ca0-42af-bc01-549a9fd494d8,Instyle Wig Clinic,Canterbury,"Dambridge Oast, Dambridge Farm Rd",+44 1227 720554,,ChIJY81k7Qi03kcRU39pZEpnSUI,Cosmetic Systems,NO
7e4dc7ab-0f5c-41c5-afe4-9eeb106b24ef,The Scalp Clinic,Canterbury,"Lombard House, 12-17 Upper Bridge St",+44 1227 678046,https://www.thescalpclinic.co.uk/,ChIJrY8bjrjL3kcRQNpAC11t-uY,Advanced Scalp Therapies,NO
661377cf-f1cc-4efa-aa22-24b8b83d19ad,Wigs & Hair Loss Services,Canterbury,Giles Ln,+44 7733 399976,https://healthyhair.style/,ChIJ39QKccfL3kcRFneIa5p7jas,Cosmetic Systems,NO
bd3e4632-0893-4749-a1a9-d487358743ea,New Scalp,Cardiff,"113 Cathedral Rd, Pontcanna",+44 7400 363243,https://www.newscalp.co.uk/,ChIJ2w2mmBIbbkgRQiCcMG-krgU,Advanced Scalp Therapies,NO
4ddfdfbd-22df-45f9-931f-efc65073b425,Morgan's Wigs,Chester,Lower Bridge Street,01244 637360,https://www.morganshairsolutions.co.uk/,ChIJ82P0M1ndekgRc032CHfvyzU,Cosmetic Systems,NO
3a66da29-71d2-45a9-b624-f154442aa560,Head of Micro Colchester,Colchester,32 Osborne St,+44 7771 557770,http://www.karen-nicolaou.com/,ChIJqSz1B-IF2UcRioGFxKw2B2w,Cosmetic Systems,NO
b39c168e-a4d1-4b13-8bd9-a961235125a3,Essex hair loss solutions,Colchester,44A St John's St,+44 1206 430025,https://www.essexhairlosssolutions.co.uk/,ChIJzdiGFbkF2UcRTGl_Nk6t8X0,Advanced Scalp Therapies,NO
66efb697-2b7b-4f34-8d2d-161d7f3e2b5c,LaserOne,Colchester,"Suite 4, The Treble Tile",+44 1206 687407,,ChIJh6btSgoD2UcR1v5QBj5juy4,Cosmetic Systems,NO
8ffe6fd3-46b1-4df3-ac4a-a60776ddf4ea,Perfect Tresses,Coventry,"Floor 2, 48 Queen's Rd",+44 7875 463885,http://www.perfecttresses.com/,ChIJqwy5lmtLd0gRnEIMIPzWA64,Cosmetic Systems,NO
631fbb81-4653-482a-8898-330472b5055d,Creative Scalps,Crawley,4&5 Kingsland Court,,https://www.creativescalps.com/,ChIJK1zgRxnudUgRrJwpe7O6TBQ,Advanced Scalp Therapies,NO
a068661e-d12d-4acc-8979-1a12b2951bfd,Embellish hair clinic,Crewe,35A Stewart St,+44 7599 218906,,ChIJq0METXb1ekgRHrnVLhLmHoo,Cosmetic Systems,NO
f87f5b9d-72cf-499e-bcb6-5e21999f2b1d,Capello hair,Derby,48 Queen St,+44 7815 634053,,ChIJORAFE_XxeUgRdPkZ9KPRl6Y,Cosmetic Systems,NO
378e8ca5-ad78-4c62-8d2c-2ce3850e80cf,Jade Samantha,Derby,"Phenix Salon Suites, 1 Springwell Square",+44 7402 881246,http://www.jadesamantha.co.uk/,ChIJmw06CrAt200RhtahUaPDwng,Cosmetic Systems,NO
967a244f-6acd-4483-9a55-8df7bff192e7,SRA Hair Systems,Derby,19 Derby Rd,+44 7983 614026,,ChIJ8Skrs83xeUgRJmIf-1VdETE,Cosmetic Systems,NO
9fee78ca-8d3b-436c-8f84-23e3d848ffc4,La Bella Salon,Didcot,5 Barn Owl Way,+44 7809 727674,,ChIJc45f5L25dkgR3KVzFDTRDoo,Cosmetic Systems,NO
6efb9fe9-bfa1-4670-8fc4-2b98e45ab0d5,Dw Hair Aesthetics,Dundee,"38 Commercial St, Dundee DD1 3EJ",+44 7738 858228,https://www.dwhairaesthetics.co.uk/,ChIJO_VdBetchkgRLKa3SnRM4sw,Cosmetic Systems,NO
88be12b8-49f5-4ac8-84b0-6c1c5cc40469,New U Hair Extensions & Hair Replacement,Durham,5 Cedar Ct,+44 7828 080221,https://newuhair.co.uk/,ChIJpRgijLSJfkgRaGkDZCb8yAU,Cosmetic Systems,NO
05a8853a-fa4e-47eb-935b-193c317d528e,Vicki-Jane Hair Design,Eastleigh,"Vicki-Jane Hair Design, Eastleigh SO50 9BT",07742746324,https://www.vickijanehairdesign.co.uk/,ChIJafPXrPYYxy0RbkhWsAkgfGo,Cosmetic Systems,NO
ca1ec887-da3c-4546-9ace-6f7344d6a776,LVE locks & Accessories,Epping,Unit 8 Hurricane Way,+44 7487 817440,http://www.lve-locks-accessories.com/,ChIJvQ2kMJWZ2EcRotwTxKMdkik,Cosmetic Systems,NO
827bdf1f-6c82-40f5-8343-9a8e06580a24,The Execlusive Barber Club,Exeter,"5 Church St, Heavitree",+44 7949 280095,http://akcuts.co.uk/,ChIJq0EczQWlbUgRrmfmbbZd86k,Cosmetic Systems,NO
fb6ad88e-d11a-4b66-8ba2-c60a65f67f36,Enlighten Hair & Beauty,Fakenham,21 Market Pl,+44 1328 853131,https://www.facebook.com/Enlightenhairandbeautyfakenham/,ChIJsQBpQqp510cRKtWShikbPeE,General Salon,NO
145f5e7f-706e-48b5-8aeb-8e196b7147f1,Lauren Herbert Hairstylist,Frinton-on-Sea,Beverley Dr,+44 7791 567309,,ChIJH6EDHsVt2UcR8FMsyIKzlBM,Cosmetic Systems,NO
1210a427-a772-4ad9-868b-78e34f372c3b,Ever Clinic,Glasgow,227 4D Ingram Street,,https://www.everclinic.co.uk/,ChIJrdZhMFZBiEgR13cgEjg4GFI,Advanced Scalp Therapies,NO
16112a7f-e363-4a3d-9d1e-96bc0ecc5134,Este Medical Group Glasgow,Glasgow,176 1st Floor Bath Street,,https://www.estemedicalgroup.uk/,ChIJW_XkXXxFiEgRivsNRy68aMo,Advanced Scalp Therapies,NO
4c1bf3f4-2fc2-4c2a-8e2a-5d88fc41d627,Cosmetologists,Grantham,6 High St,+44 7858 566995,https://cosmetologists.uk/,ChIJ475XglgxeEgR23M18b2Bhqk,Wig Specialist,NO
97417251-e880-4e05-8ba8-47c0a37bf81e,Wigs & Hair Pieces Academy,Grantham,27 High St,+44 7858 566995,https://girlisbeautyacademy.com/,ChIJ9-K0mbsxeEgR4r4_HmK523Y,Cosmetic Systems,NO
2c6ab146-51fd-4449-b0bf-76deb1bc7f7f,Toffs Bald Patch,Grantham,14 Main St,,,ChIJwZ_DrZ_TeUgRouGzN7JqBfQ,Cosmetic Systems,NO
5acd0bc9-c384-4226-84dc-d5ddaa7156cf,The Hair Clinic,Great Yarmouth,Danby Rd,+44 7933 548808,https://thehairclinic.godaddysites.com/,ChIJv0zWQQAF2kcRjbKWO0bPx8c,Both,NO
7293a349-7f4f-4f34-a363-70b44ab468d9,The Hair Monkey,Halesowen,17 Peckingham St,+44 7526 499500,https://www.thehairmonkey.com/,ChIJ22MPFnWXcEgRhpRAqbL0KR0,Cosmetic Systems,NO
a8dc7129-8d8f-40e1-95f8-0221de7df169,Braids & Fades Unisex Salon,Hereford,40 Commercial Rd,+44 1432 353700,https://www.facebook.com/share/15SE7U9NGC/?mibextid=wwXIfr,ChIJax0GATRKcEgR8V2n4kOi9sE,General Salon,NO
8222f402-5651-407b-8ef4-741e736b89ea,Tadpole Garden Village,Hereford,19 Mallory Cl,,,ChIJW8mz7wVKcEgRWEfqH-0bTDA,Cosmetic Systems,NO
7e2a4cc9-ed56-4e5f-8786-9b1cf773ed4b,HAIRLABUK,Hessle,"Within M-A Salons, 5 The Weir",+44 1482 526374,http://www.hairlabuk.co.uk/,ChIJ-8TxKWHreEgRiKvdEyRgPEQ,Cosmetic Systems,NO
fa57f83f-8e4d-47e0-8aa9-ab8504c8ebea,Shermin hair repair,Hockley,35 Main Rd,,https://sherminhairrepair.com/,ChIJO6-ghC3d2EcRVpHl8P3jeyc,Cosmetic Systems,NO
f7f08931-d1bd-45ff-887a-29ce2c7aa36d,Scalp Line,Hull,58 Albert Ave,+44 7895 798951,https://www.scalpline.net/,ChIJd2NnDOa_eEgRnFeMChk0eIs,Cosmetic Systems,NO
108a1885-88c4-4b11-8439-b5f0334b0b55,Cambridge hair replacement,Huntingdon,2 Mowlands,+44 1480 381611,,ChIJSzgePNjdd0gRN7EWZ-EOnPU,Cosmetic Systems,NO
66f68368-4987-49a0-b87d-a441a69ab410,London Hair Replacement - Hair Replacement Salon London,Ilford,"Charter House, 450 High Rd",+44 7785 627984,https://www.londonhairreplacement.co.uk/,ChIJX4ogqGWn2EcRuoe2Q2R6KJ4,Cosmetic Systems,NO
4d17d37e-b91b-4b9d-b7a5-318d53baa690,5 Star Hair,Ipswich,"5, Star Hair Studio, Off Market Pl, High St",+44 7947 892984,https://www.5starhair.co.uk/,ChIJj1D8wPWp2UcRszadmHaPdF4,Cosmetic Systems,NO
3d779fa7-4da7-47f7-aef2-04ce2b83fa83,Thomas Samson Hair & Co.,Kidderminster,46 George St,+44 1562 754511,,ChIJJfwvpVmMcEgRyAdmkGHdBGU,Cosmetic Systems,NO
cbf6d623-c646-43fa-af76-3a59204a834e,Authentic Locks,Leeds,225 Stainbeck Rd,+44 7568 534654,http://authenticlocks.co.uk/,ChIJH6NLOWBZeUgR7vlt2eHeHDk,Cosmetic Systems,NO
810b69d8-bb92-4fc4-bc80-c1157c541db3,Ripley Layne Hair Loss Solutions,Leeds,8-10 Station Rd,+44 113 260 1550,http://www.ripleylayne.co.uk/,ChIJaa0lsKREeUgRowN34nTNEow,Cosmetic Systems,NO
b1472ea8-f1b6-4b2a-b964-10a1fd5e71d6,Taylor Made Hair,Leeds,103A Selby Rd,+44 113 293 0791,http://www.taylormadehair.co.uk/,ChIJQb2Ur5ZceUgRBQeKliiGsVk,Cosmetic Systems,NO
29af1bc1-bdc8-45e6-999f-bb811a4616c4,Martin Hair & Scalp Clinic,Leicester,132 Victoria Park Rd,+44 7531 326692,https://www.martinhairscalpclinic.co.uk/,ChIJXZmuETFhd0gR0wqhduxDArA,Advanced Scalp Therapies,NO
4709870a-af2a-4025-ab6d-f352ce347116,Rose Beauty & Laser Clinic Leicester,Leicester,46 Melbourne Rd,+44 116 212 2484,https://www.facebook.com/rosebeautyleicester/,ChIJO21SqT9hd0gRXanuxbaJA2g,Advanced Scalp Therapies,NO
d92cc34a-30c8-43b4-9cf0-a0b286266700,Medinkx Aesthetics,Leicester,92 The Parade,+44 116 270 5260,http://www.medinkx.co.uk/,ChIJC6c_MUxhd0gRogp62p6w_a4,Cosmetic Systems,NO
216014f8-26d4-46cf-b987-dda52963dfe0,Healthy Hair Services,Leicester,University Rd,+44 7733 399976,https://girlisworld.space/,ChIJ_br7H3Nhd0gRclUaCNB1-C0,Cosmetic Systems,NO
ce933125-2b47-4fed-a00f-571b8f549531,De Montfort Hair Clinic,Leicester,100 Mill Ln,+44 116 319 4339,,ChIJFUGEvN5gd0gRdUu-rqBRGVI,Cosmetic Systems,NO
7bdfe00d-a168-4cea-b09e-3390f997f25c,The Hair Hive & Hair Loss Clinic - Anika Wilding Hair Artist,Leominster,12a Drapers Ln,+44 7870 572115,http://thehairhive.uk/,ChIJy_uGtjZHcEgRkb0DtU96ioA,Cosmetic Systems,NO
66b1b7a5-6889-4814-ba1b-37cba5c2c055,The Mens Room - Lichfield,Lichfield,22a Tamworth St,+44 1543 419043,,ChIJY6vs0WmncEgRkg90s2E2VZQ,Cosmetic Systems,NO
5156a8b2-5a43-4d9c-a9d4-2697f0e13f5c,Midlands Hair Loss Clinic,Lichfield,2C Bird St,+44 1543 222925,,ChIJ9aPcx-ancEgRyjf8btrmS_8,Cosmetic Systems,NO
07de67e4-cb84-45e1-bc10-2e79c94d0576,Hair Loss & Wigs Services,Lincoln,101 Manthorpe Rd,+44 7858 566995,https://girlisworld.space/,ChIJZ0gbN8QxeEgR2z_a5AYb364,Cosmetic Systems,NO
e4470bbc-3e94-4736-9cf4-a27f2ffa05bc,Girlis Beauty Academy,Lincoln,27 High St,+44 7858 566995,https://girlisbeautyacademy.com/,ChIJiTlMYlVbeEgR4iR8p9CZt74,Cosmetic Systems,NO
87c8e37a-8579-4a4d-ab27-43b6aaad476b,Kayleigh Jones Aesthetics and laser specialist,Liverpool,23 Windermere Dr,+44 7540 346611,http://www.kayleighjonesaesthetics.com/,ChIJRSGjQfAZe0gRK-Zg7_bMEVk,Cosmetic Systems,NO
f14f3bfd-2cbb-4d99-84c8-04b5ba8145a2,ScalpMed,Liverpool,12 Rodney St,+44 7516 778161,,ChIJY8_c38Uhe0gRSmw_RbaoV-U,Cosmetic Systems,NO
8837cfdb-c05e-497d-9374-37cd8cd25741,Walton Hair & Beauty Studio,Liverpool,202-204 Rice Ln,+44 151 523 2938,http://www.waltonhairandbeautystudio.co.uk/,ChIJEQNOmdoje0gRtxWky-NuzCo,Cosmetic Systems,NO
53ee1cf3-7067-4a06-b03d-30a459e668bf,Hair Loss & Wigs Services,Liverpool,"Hope Park, Hope University Hope Park",+44 7858 566995,https://healthyhair.style/,ChIJ-wd469Yhe0gRWUMwiPaRL88,Cosmetic Systems,NO
597e8bf6-f498-4eab-83c6-357314eb59be,Bev's Salon,Liverpool,10 Park Brow Dr,+44 7803 802679,,ChIJE0DncJIYe0gRDpzTkBWmWKU,Cosmetic Systems,NO
4b963a4a-ee7c-41bc-94ef-a65d2f815842,Rooted Confidence,Liverpool,"Phenix salon suites, Fenwick St",+44 7903 572587,https://rooted-confidence.square.site/,ChIJWcX84jche0gRNqMVLdoEqKo,Cosmetic Systems,NO
19763663-55ce-48b0-8647-beb2524cef2c,Vita Clinic Liverpool,Liverpool,"5, Emma Elliott Clinic, Liverpool Rd",+44 7464 962039,https://vitaclinicliverpool.co.uk/,ChIJgXLqgYAle0gRyW4OCo4RmVc,Cosmetic Systems,NO
07d4062d-47e2-4bd5-ad7f-7dabb88fa767,The Queen of Afro,Liverpool,12 Elkstone Rd,+44 7796 988733,,ChIJU_PN3SUje0gRD3jZKBFVOSY,Cosmetic Systems,NO
92caafcc-1e0a-4732-bacc-50e78359b266,Cleveets Hair,Liverpool,"Liffey Courts, 179 London Rd",+44 7831 625994,,ChIJfT4TDyshe0gRvNso16JkJ2o,Wig Specialist,NO
5ff6534e-30b9-450f-af9a-0dda7396dd11,Hair Additions,Liverpool,508 Prescot Rd,+44 151 259 9682,http://www.hairadditions.co.uk/,ChIJg9EzsMAhe0gRB4FiVa5wsC0,Cosmetic Systems,NO
1ab3752e-dc30-4b82-866c-264a8d9ace23,Origin Hair Makeup & Beauty,Liverpool,16 Lower Castle St,+44 151 236 6086,,ChIJMT-z_C0he0gRhsaAQ3L86Zo,General Salon,NO
b5357d71-49bc-42dc-8fc0-3003ee48d407,Wigsoftheworld,Liverpool,44 Barbour Dr,+44 7717 416346,,ChIJF1FFxr8je0gRwWoA9cOrH0s,Wig Specialist,NO
b79a7251-a6fe-4634-aa02-3d2a24b067dc,INKT,Liverpool,14-20 Pall Mall,,http://www.inkt-scalp.com/,ChIJ0z3Y4wghe0gRJ6Pajc6eaiM,Both,NO
ea765481-118b-4bcd-a970-186286de0f85,Hair Loss Laser Group,Liverpool,"Crosby Leisure Centre, Mariners Rd",+44 151 679 0100,,ChIJD35ltvcke0gRMpCBUAKc9xs,Cosmetic Systems,NO
8a243acd-34c3-4cee-a4b7-a6f2427523db,MCB My Cosmetic Boutique,Liverpool,199 Linacre Rd,+44 151 476 7567,,ChIJBxIJyowje0gRGb3K0O37iYM,Cosmetic Systems,NO
e2ab9b8d-4b94-4de9-af4f-0a5a1efd69b4,HT&RC,London,Parliament Street,,https://www.htandrc.com/,ChIJ05tm0Ouo2EcRFXc-wOYOnLw,Advanced Scalp Therapies,NO
707b2c3a-b8ab-4c3d-9291-6a67961a9dec,The Hair Confidante,London,25 Kingston Rd,,http://www.thehairconfidante.co.uk/,ChIJ5cPKGqQIdkgRTms0iZwb7MA,Both,NO
47294337-4219-4831-9a79-5b8fe410dc96,Skalp,London,33 Cavendish Square,,https://www.skalp.com/,ChIJRV0YkNQadkgRSu_APkLMpLQ,Advanced Scalp Therapies,NO
aefd2a43-309b-4e17-b874-dcc5a59657fd,The Belgravia Centre,London,9 Longmoore Street,,https://www.belgraviacentre.com/,ChIJ8b43_LIcdkgRvXFpv_1u55A,Advanced Scalp Therapies,NO
b4aff58c-f0a4-4c11-87eb-692f27a09b86,Wigs Of London & Human Hair Toppers,London,"Flat 26, B, Orde Hall St",+44 7852 871979,http://www.wigsoflondon.co.uk/,ChIJde26QTYbdkgRDfAJR--lzlE,Cosmetic Systems,NO
909851cb-6657-443e-80ef-cf378839d1ee,Amin hair system,London,18 Watford Wy,+44 7533 400885,https://www.aminhairsystem.com/,ChIJQ5A11gcD8GoRN67Ar9aDPYI,Cosmetic Systems,NO
1b388ef1-0f08-499b-a708-b5ef8f7a11ce,Hairight by Myra,London,163 Seymour Place,07446104663,https://www.hairight.com/,ChIJ658WT7IbdkgR0zTZ2JfHNW4,Cosmetic Systems,NO
6b7cb8f8-cbde-47f6-97e2-853946c67e5b,Total Cover Plus London (TCP Hair Systems),London,209 Belsize Rd,+44 20 3393 9322,http://www.totalcoverplus.co.uk/,ChIJC1oiB3UQdkgR2UZxEQKWyC0,Cosmetic Systems,NO
f16cc6e6-fc31-4e25-9819-a68e882cd6bc,Tatiana Karelina,London,33 Holland Street,,https://www.tatianakarelina.co.uk/,ChIJ8YNANvcPdkgRZVfbj7EkDPs,Wig Specialist,NO
52732c9a-7896-454b-8bb2-61003f8e1169,Hair System Refresh UK,London,Commercial Road,,https://www.hairsystemrefresh.co.uk/,ChIJISunisocdkgReTHUJTMZaOc,Cosmetic Systems,NO
277bb7f3-42ee-4c5a-a5e3-6a0c0d982a66,Peak Hair Restoration,Loxley,"11 Alders green, Loxley",,,ChIJF-h_5DN_eUgRn2GfrQgj9hQ,,NO
9f889b69-710f-448e-9bcc-9f9b14ad04d2,Burns Salon,Luton,102 Leagrave High St,+44 7310 912250,,ChIJ0QDYfZFJdkgRjlD7Ubr-3f8,General Salon,NO
4b27a375-7177-49a2-b5c2-2702281670de,Brookes Hair Clinic,Maidstone,7 Romney Pl,+44 7728 627676,http://www.brookeshair.uk/,ChIJp_YAHQAz30cRhAbXhSAZ0F4,Both,NO
899d0ebf-19f5-4afb-b091-c3a148b39cf5,Baguleys of Cheshire,Manchester,Ashley Road,,https://www.baguleysofcheshire.co.uk/,ChIJs33szUVTekgRmFKPVfKBudE,Wig Specialist,NO
c6c48ec3-18be-49e9-9b60-82517a820529,Total Cover Plus Manchester (TCP Hair Systems),Manchester,"213, The Box Works, 4 Worsley St",+44 161 826 0345,http://www.totalcoverplus.co.uk/,ChIJUf7PRMKxe0gRmcEvNjmGjlQ,Both,NO
a6b4be78-9e08-48be-9869-e8d6ec75b107,Scalp Evolution,Manchester,Castle Street,,https://www.scalpevolution.co.uk/,ChIJIU6yrSKze0gRyo9xF39FlWE,Advanced Scalp Therapies,NO
e9e8e389-e218-43b9-8f9f-263f14418d58,Essex HairLair,Manningtree,High St,,,ChIJz-1vrvQL2UcRwWedTCvDv5o,Cosmetic Systems,NO
762615bf-c7d3-4f56-a45e-4b99a63b7b7c,Miss Euniverse Hair Milton Keynes,Milton Keynes,Bodmin Pl,+44 7460 305750,https://www.misseuniversehair.com/,ChIJOSgQJ3Wrd0gRVUCImg4dn_s,Wig Specialist,NO
385d0453-c60d-41f0-b32b-d48954ec86b4,True Scalp Clinic,Milton Keynes,651 S Fifth St,+44 7907 953582,http://www.truescalpclinic.co.uk/,ChIJeaaWypurd0gRDJ-j4O9Nfio,Cosmetic Systems,NO
0daad72f-0c22-42bb-a0d2-34623dab8d5f,NC Hair Therapy,Mirfield,162 Huddersfield Rd,+44 7712 556070,https://www.nchairtherapy.co.uk/,ChIJ7WdhXZvfe0gRszZB1HysSJg,Cosmetic Systems,NO
11166de4-ef73-498b-8ac7-e7e00d0360c2,Tayside Trichology,Monikie,"Daisybank, Panmure Rd",,,ChIJI4gszDVhhkgRxSIVOYcIGLI,,NO
ddbe82f5-55cc-4d0d-b434-3ec03de25635,Vogue Hair & Beauty Morecambe,Morecambe,"308 Marine Rd E, Marine Rd Central",+44 1524 426300,http://www.voguehairmorecambe.co.uk/,ChIJlZalG3OefEgRp1Y2Y9xYZjs,General Salon,NO
f2960c25-5b11-4193-a723-394421052fea,Hair Loss Laser Group,Nantwich,33 Hospital St,+44 1270 343670,,ChIJFfMqH2H0ekgRD3p6ILqX4PI,Cosmetic Systems,NO
b885fbc6-0d51-4504-adf1-f2daf920676a,REJUVA Skin and Wellbeing Nantwich,Nantwich,"7, The, Cocoa Yard",+44 1270 335076,https://www.rejuva.skin/,ChIJEf1CateLekgRpq8Fix9fzWo,Advanced Scalp Therapies,NO
f3ffd755-fdbb-4cd3-91a9-b41e00f6e166,Yorkshire Hair Company,Northallerton,87 S Parade,+44 1609 258010,http://www.yorkshirehaircompany.co.uk/,ChIJyR7dwty7fkgR54DF_eF_j7U,Cosmetic Systems,NO
65d4739b-c938-43f8-88d8-58aacc69df5d,Hairapy Studio,Northampton,"55 St Matthews Parade, Northampton NN2 7HE",+44 7927 783154,https://www.hairapystudio.co.uk/,ChIJ12_nQxUPd0gRzvF-P07wxZk,Cosmetic Systems,NO
be22eeb5-d80f-4bd6-9287-ec0ea6a224e3,NoHairLoss,Norwich,554 Dereham Rd,,,ChIJTRFFSuTh2UcRNxrv79eiL-w,Cosmetic Systems,NO
cfe5c886-690c-4c97-a2d4-d49c4224248a,Luxe Hair Clinic,Nottingham,"Foxhall Lodge, Foxhall Rd",+44 115 857 3682,,ChIJ7aq6-ZrBeUgR7i8iwaOiIHc,Cosmetic Systems,NO
cc9153fe-a519-43b5-a8fc-aea7d837443d,Esther's Beauty,Nottingham,Hanley Ave,+44 7935 386833,,ChIJH59SbzDreUgROY37fxGIajI,Cosmetic Systems,NO
a2969867-6e10-48c3-97f4-69de9f5c4a48,Scalp Expert Nottingham,Nottingham,12 Goose Gate,+44 7988 492119,https://bit.ly/ScalpExpertNottingham,ChIJ-XwmXwvDeUgRcC5GkKaaXLM,Both,NO
203317f0-fc14-456b-a9d7-84dd2ccc4e14,Nottingham Hair Replacement Solutions,Nottingham,28 Station Terrace,+44 115 837 2540,,ChIJJcw1YtXFeUgRGHO5QrZa3no,Cosmetic Systems,NO
ed5a1836-c83f-4f91-ae17-fc3bc51bee50,Danielles Hair Consultancy,Nottingham,12 Greenwood Rd,+44 7312 273656,,ChIJKb0wH4esF0URsp-KmMriRno,Wig Specialist,NO
ea67e5ff-34c6-4b8e-a0db-d440bbcd1363,Demi Matthews Hair,Nottingham,"The Beauty Garden, 5 Central Walk",+44 7568 533115,http://www.instagram.com/demimatthewshair,ChIJhcOdmybreUgRKiOxoZCP7vY,Cosmetic Systems,NO
e9d1d515-265f-4eb4-bc1c-ada52cfa6c4b,Mychelle Caroline Hair,Nottingham,35A Gordon Rd,+44 7852 830530,http://www.mychellecarolinehair.com/,ChIJJ8b8Q77DeUgR-i6ER0kcktE,Cosmetic Systems,NO
afee7703-13e1-4bc6-ba2e-52a8c1458489,Filter Lane Clinic,Nottingham,635 Western Blvd,+44 7415 652276,,ChIJJVDwl9bBeUgRHjSuMmLrRRk,Cosmetic Systems,NO
93ce69d0-7018-458a-a760-735c8c695a59,Flow Hair,Nottingham,11-13 Trinity Sq,+44 7519 512248,,ChIJAWLwErjBeUgRuYNX4DFmCGY,Cosmetic Systems,NO
e30e3336-f085-4665-932c-7b2496692e26,Skalptec Ltd,Ormskirk,"Old library, 1 Mill Ln",+44 7557 357937,https://www.skalptec.com/,ChIJvUsVMC4he0gRbONqJm1u1LU,Cosmetic Systems,NO
83f94375-784d-4390-9506-fef07b931cc5,Oxford Laser Clinic,Oxford,68 High St,+44 7717 820366,http://oxfordlaser.co.uk/,ChIJiXC5_NjrdkgRA6ena7canpc,Advanced Scalp Therapies,NO
8c1617ab-5213-4242-8563-cef3ba458d0b,Hair Systems Oxford,Oxford,1 S Parade,+44 7891 120243,https://www.hairsystemsoxford.co.uk/,ChIJ3ZIwSxrFdkgRtmC0_MtvIMM,Cosmetic Systems,NO
7d32f3d3-141b-4cff-8c1a-9b87f6861079,Allure Permanent Makeup UK,Peacehaven,"226 S Coast Rd, Peacehaven BN10 8PJ",+44 1273 569083,http://www.allurepermanentbeauty.co.uk/,ChIJE3cq741930cRa8tTaIzPDLU,Advanced Scalp Therapies,NO
76fa4d00-4129-400f-86bf-9254b388125a,TrichoCentre,Peterborough,14 Lingwood Park,,http://www.trichocentre.co.uk/,ChIJM2pb7VLwd0gRiO4AzxAkV-0,Advanced Scalp Therapies,NO
4a5511b6-4451-425c-9779-52ad5ca0024b,Pretty Penny’s Hair & Training Academy,Peterborough,Main St,,http://instagram.com/pennys_hair_,ChIJpctKSX_3d0gRGGSWiOLHl4k,Cosmetic Systems,NO
5c20bd3c-cb68-4950-8cb7-8b9cf1a672cc,1192 Laser & Beauty Clinic,Plasmarl,"com Stadium, Plasmarl",,http://www.1192clinic.co.uk/,ChIJm1gxkmj1bkgR1YQdg41MEWA,Cosmetic Systems,NO
83b68de2-518c-4489-980a-c55d79fb1f96,The Parkstone Clinic,Poole,114 Bournemouth Rd,+44 1202 065767,,ChIJI8ZIUPWhc0gR1VOY6dzPLMc,Cosmetic Systems,NO
ec751afd-7d73-413d-84c9-240c34d18713,Sammy Jo Wigs,Ramsgate,"Glimmer Hair Studio, 107B High St",+44 7706 198064,http://www.glimmerhairstudio.com/,ChIJcbSB3SdT2UcRW8ApNchqMD8,Cosmetic Systems,NO
670a7802-6aad-4096-8a02-dfa5789d9fc0,Total Cover Plus Reading (TCP Hair Systems),Reading,"57, Merrick House, The Piazza",+44 20 3393 9322,https://www.totalcoverplus.co.uk/,ChIJPRC_epsbdEgRPje10eY0BqE,Both,NO
ccbc113c-6657-4980-b55c-b5404852c747,Crown & Glory Beauty Salon,Sheffield,Sheffield S4 8GA,+44 7883 501487,,ChIJte14Oz94eUgRj-pcSBu73O8,,NO
3ed7bd36-2587-4899-9d92-19878007c297,Evoke Hair Clinic (Specialists in Scalp Micropigmentation),Sheffield,"3 Skye Edge Ave, Sheffield S2 5FX",+44 114 272 9379,http://www.evokescalpmicropigmentation.co.uk/,ChIJuYlPR6SCeUgRmhHMHoYwc-o,Advanced Scalp Therapies,NO
d5e13d50-2d16-497c-a317-bb41d482db56,Yorkshire Hair Loss Clinic,Sheffield,"16 Potter Hill Ln, High Green",+44 7791 667422,http://yorkshirehairlossclinic.co.uk/,ChIJ442-I1F7eUgRzTLxF5BCsVA,Cosmetic Systems,NO
e19bb041-9b08-4c3a-ab8c-858282fec7c8,Elite Hair & Aesthetics,Shipley,18 Festival Ave,+44 7713 047646,http://www.elitehairandaesthetics.co.uk/,ChIJfxa8Ugzle0gRPgkeCJuvGPE,Cosmetic Systems,NO
13727074-ca42-4f3f-adc0-d980aadf18ee,Ditch the bald,Shrewsbury,2 Magdalene View,+44 7535 881308,https://www.instagram.com/ditchthebald_hair_replacement?igsh=b3h1a2twZXZhaGYz,ChIJS8quEXiDekgR2PE8WEf96K4,Cosmetic Systems,NO
1f3ac894-c77d-4558-ad33-ecb97352c050,Belle Sorriso,Sleaford,29 Lincoln Rd,+44 7507 210619,,ChIJaz_2J6tqeEgRCaUStbkdkUg,Cosmetic Systems,NO
408c8d1c-1b92-41bd-aeba-f009289a4d36,Hairology Solutions,Smethwick,Londonderry Ln,+44 7967 827731,http://hairologysolutions.com/,ChIJy3Xv0fmXcEgRkV359YVjZ2o,Cosmetic Systems,NO
27937208-bc70-412b-ace1-72350efe1b99,Pestana's,South Shields,"122 Centenary Ave, South Shields NE34 6SG",+44 191 682 0584,http://www.pestanahair.com/,ChIJu8ShFMtofkgRNFeSlzoYutw,Cosmetic Systems,NO
446b706a-2aef-4464-8c4c-c0cab67f9b10,Soko Clinic,Southampton,"115 High St, Southampton SO14 2AA",+44 23 8173 0267,https://soko.clinic/,ChIJtUF031vatKMRjY1Ar1VOd10,Advanced Scalp Therapies,NO
0143ff52-1389-4fa2-9a88-c102b50ef0ec,Above Barbers,Southampton,"23 Carlton Pl, Southampton SO15 2DY",+44 23 8063 9318,https://abovebarbers.co.uk/,ChIJOfGca7F2dEgROOiv50QZp0I,Cosmetic Systems,NO
17bf83bf-fcc7-4948-aa42-5f2d4037eb65,Essex Wig Centre,Southend-on-Sea,56 Queens Rd,+44 1702 353238,http://essexwigcentre.co.uk/,ChIJ8QWnYrPZ2EcRK0oGP9rbWHA,Cosmetic Systems,NO
a690006c-d272-4d8b-b988-59896255395e,Hair Revisited Salon,Southend-on-Sea,56 Queens Rd,+44 1702 353238,https://www.hairrevisited.com/,ChIJfY-bTL3Z2EcR1kRoRBagva0,Cosmetic Systems,NO
ecef537f-a935-412d-844b-5a90a389b9ac,Hair Loss Laser Group,Southport,"Victoria Health & Leisure The, 42-43 Promenade",+44 1704 608235,,ChIJfXq0Ztk-e0gR0hYwaDLID4c,Cosmetic Systems,NO
b62cb243-0223-4b9d-be2d-01227a3d7fd9,Image International,Spalding,15 Red Lion Street,,https://www.imageinternational.co.uk/,ChIJTZKtOn4DeEgRFm0DShvNI84,Cosmetic Systems,NO
6a2a0c08-24e1-4fb4-99b5-b1c603e6c8bc,Aderans Trendco Midlands,Stafford,"Unit 9, Barton Marina",+44 121 633 4280,,ChIJHzGQxI68cEgRMPkV_OeQfzU,Cosmetic Systems,NO
7c8f1670-961b-4e41-b51d-70b10241654d,MY.LAB HAIR & BEAUTY STAMFORD,Stamford,11 St John's St,+44 1780 591513,https://www.facebook.com/profile.php?id=100089471372854,ChIJh3DTeAuLd0gR3UyUm3K0elA,General Salon,NO
3dcb99e2-a7c8-4076-b97a-5caaaf0645e1,Mw Hair studio,Stoke-on-Trent,80 Milton Rd,+44 1782 285878,https://www.facebook.com/mwhairstudio1/,ChIJ46TRs2VCekgR_NXTlkraX9o,Cosmetic Systems,NO
c8d2eb9a-faa1-4eb5-91dd-72030a2e1b13,Invisi Hair Replacement Systems,Stourbridge,123 Worcester Rd,+44 1562 888158,http://www.invisihair.co.uk/,ChIJq6VJdGmTcEgR7O0Klw5PIMQ,Both,NO
10f8e6f8-fd5a-451e-bca1-d12a3eb543a2,Kitui Hair Design,Sunderland,"34 Melbourne Pl, Sunderland SR4 8LN",+44 191 524 2665,http://www.kitui.co.uk/,ChIJa72kcDhkfkgR37L2PTRwVIc,Wig Specialist,NO
95570807-c0cd-4f90-948b-72c3ad706b23,Sunderland Royal Hospital,Sunderland,"Kayll Rd, Sunderland SR4 7TP",+44 191 565 6256,https://www.stsft.nhs.uk/,ChIJq2vqby5kfkgR2ZUyLBlVCvk,Advanced Scalp Therapies,NO
d0b829fa-03fe-4d54-a8f6-f34a5fa45412,Joseph's Wigs,Surrey,Rosehill Court Parade 24 Bishopsford Road,,https://www.josephswigs.co.uk/,ChIJseYTGn8IdkgRlKuiSKeiPOE,Wig Specialist,NO
5015508a-dc69-4c63-ae94-aff124b7091a,Birmingham Dermatology Clinic,Sutton Coldfield,"Spire Little Aston Hospital, Little Aston Hall Dr",+44 800 044 3917,http://birminghamdermatologyclinic.co.uk/,ChIJD1AeZR2kcEgRtpmNW56DXO8,Both,NO
4d83032a-db37-4371-b2cb-f0e3eafdb235,Hairlusion Clinic,Sutton Coldfield,370 Boldmere Rd,+44 7395 649645,,ChIJAzBC7lOlcEgRNWoEtemfXSM,Cosmetic Systems,NO
403b015e-7c67-490f-9523-5ac90dcea289,LA Cosmetics Ltd,Sutton Coldfield,74 Whitehouse Common Rd,+44 7701 007988,http://www.lilahaesthetics.com/,ChIJ_8EA7xqlcEgRKzTnLuK1yXs,Cosmetic Systems,NO
5634a6cf-5318-4e76-b498-675eeff1a272,Kevin Crowne Hair Care,Sutton Coldfield,18 Gate Ln,+44 121 354 9468,http://httpskevincrownhaircare.co.uk/,ChIJHxtePuOkcEgR4cvkME7qb7g,Cosmetic Systems,NO
192a8c8d-5a9b-4c1a-a864-944ef92c3e0b,Hair Studio,Sutton Coldfield,370 Boldmere Rd,,,ChIJH0IsNOilcEgRZmKmwam6oO4,Cosmetic Systems,NO
ec8e092e-448b-4226-ab8f-fcc645d32575,Hair Care Direct UK,Sutton Coldfield,137a Chester Rd,+44 7554 342771,,ChIJAQDwTXSkcEgR2Ql8rhuss_I,Cosmetic Systems,NO
f0e273da-0001-457f-806d-1be1904de402,Emma Baglee Aesthetics Studio,Sutton Coldfield,9 Belwell Ln,+44 7730 182622,https://www.emmabaglee.com/sutton-coldfield/,ChIJQde6qxWrcEgRoL_YWV5n-z0,Cosmetic Systems,NO
2ac0da3c-2915-4e5c-86a8-367d05b20c50,Artful skulls,Swaffham,"Plowright Place, Old, Whitsands Rd",+44 7933 988760,,ChIJkYXaPv0p2EcRexEGPwzuDzg,Cosmetic Systems,NO
da8c94f3-a7a3-4c6b-964b-d377b5f30706,Scalp Innovations,Swindon,"2nd floor, 7 Wood St",+44 7833 630335,,ChIJDYbALlJEcUgRHUtkBkCG8G4,Cosmetic Systems,NO
256d903f-21ff-454e-b8e3-d849c469501b,Transform Hairloss Solutions,Swindon,"Unit 71a, BSS House, Cheney Manor Rd",+44 1793 625035,http://www.transformhairlosssolutions.co.uk/,ChIJS-Vbgk9HcUgRknBt3kXDKLw,Cosmetic Systems,NO
8a5b9dac-1da7-4921-a7c1-14fc5a8a0c89,Revive Hair Clinic Ltd,Tamworth,3 Selker Dr,+44 7506 700897,http://www.revivehairclinic.co.uk/,ChIJcb29BWWrcEgRpcXW_mZNunA,Advanced Scalp Therapies,NO
aa1fd0ca-0dbf-4def-935d-66484219216a,Hair Replacement Hub,Telford,,+44 7469 955625,,ChIJvydMrmqAekgRJXuNpP_a34A,Cosmetic Systems,NO
e064399b-26c6-48cd-a260-027ac1b589ac,You Hair Academy ltd,Thornton-Cleveleys,20 Lyddesdale Ave,+44 1253 546650,,ChIJ__98JlNDe0gRMGeL8p2eCs4,Cosmetic Systems,NO
c6bc2044-8843-4c06-9ef4-4bb6338fb71c,Extensions with Kirsty,Trowbridge,"EA Studios, 49 Stallard St",+44 7891 374655,https://www.fresha.com/book-now/extensions-with-kirsty-c32hfic7/all-offer?share&pId=1480002,ChIJ93ZQmfnVc0gRIV4rsk3Zrq8,Cosmetic Systems,NO
de0d62ab-fb67-42cb-b706-5ad8ad33c4e6,Hair Loss Laser Group,Ulverston,3 Benson St,+44 800 566 8363,,ChIJATBlq5mkfEgRFIdjwGdmHAA,Cosmetic Systems,NO
1bb94b22-abcd-45eb-a88e-597cc6cb3a48,Hair Systems Wadebridge,Wadebridge,Polmorla Rd,+44 7971 292684,,ChIJaSiPxr53a0gRwZ0M4NV-I-M,Cosmetic Systems,NO
b483953d-83dc-4a63-8de3-8d6621078ad6,Wirral Hair Loss Clinic,Wallasey,141 Mount Rd,+44 7402 248787,,ChIJHernKsgne0gRHdwUdUkArKc,Cosmetic Systems,NO
44cc6a0d-7883-4044-bc0c-36f6f91f0e2a,Gorilla Hair Building Fibre,Wallingford,21 Battle Rd,,,ChIJhT8ZwJWVdkgRkmeMY6lz4rs,Cosmetic Systems,NO
b7a462be-5f62-4988-92a2-0fe4eff32a04,My KS Hair,Walsall,"5, Lock Keepers Court, Wolverhampton Rd W",+44 7900 061121,,ChIJCwDOeAyicEgRWVu1r4rbbvY,Wig Specialist,NO
116bf777-32ab-4302-91e5-86f0393a5336,Too Perfect Hair Replacement,Walsall,121c Princes Ave.,+44 333 456 0266,,ChIJA98m_2-ZcEgR2GbpU9xTEGw,Cosmetic Systems,NO
18bc24b4-78e1-4f89-89e1-c459db807b3e,Theres nothing like hair,Walsall,7 Lower Hall Ln,+44 7900 061121,http://www.likehair.co.uk/,ChIJEeh8cAyicEgRS_euE17CQJQ,Cosmetic Systems,NO
86181c79-3bfe-4ae5-a567-dd4ed204fb5f,Scalp Transformers,Warwick,"Above Dimos Mens Hairdressers, 30 Brook St",+44 7823 336594,,ChIJN579VQjLcEgREHR66FueR10,,NO
dd5ca865-0d8d-4085-a737-49bd38100d82,Chiquel,Watford,Nottingham Close,,https://www.chiquel.com/,ChIJS6sl0SJAdkgROWX8OHILUlU,Wig Specialist,NO
f32d87b2-4399-4fa4-932b-6353e787f816,Hairpiece Servicing,Weston-super-Mare,20 Mendip Rise,+44 1934 827690,http://hairpieceservicing.co.uk/,ChIJVRz32Ur5cUgRknGYE3YcC_Q,Cosmetic Systems,NO
3b1e91f8-2851-4b31-9e78-5187d689eb90,Wessex Trichology Clinic Ltd,Weymouth,"Lynch Lane Offices, Egdon Hall",+44 7760 115255,https://www.facebook.com/wessextrichologyclinic,ChIJrUrIFzz3ckgRQiXJrzxfVZ8,Cosmetic Systems,NO
6964a661-5a95-42b6-88cd-1c14e46f974b,Hairforce,Wirral,93 Royden Rd,+44 7368 849215,http://www.hairforce.nearcut.com/,ChIJQcOiln4oe0gRa1CNdTQMGeQ,General Salon,NO
5dd2403d-9f22-4102-81ff-582915d5fb9a,Capelli Salon Couture,Wirral,281 Hoylake Rd,+44 151 678 8856,https://capellicouture.co.uk/,ChIJJ6Ji6oUoe0gRQoql7xwbM-w,Cosmetic Systems,NO
7ab2a2e4-b722-4c3a-a331-123775c75917,Wolf Hair Clinic,Wirral,"Ground Floor, Ashton House",,,ChIJg07B0VApe0gRMQIT49n6h8w,Cosmetic Systems,NO
58f77225-09f4-47a0-a53a-83cb412e3277,UnifyBright,Wolverhampton,Riches St,,https://www.etsy.com/uk/listing/1435890623/hair-growth-oil-hair-growth-spray?ref=listings_manager_grid,ChIJ6wRy2q2bcEgRTIf2XBFKL9g,Cosmetic Systems,NO
8b3a0c73-7cc6-42d6-b205-63c8d0e21e15,Tru Hair,Wolverhampton,"Unit 4, Fordhouses Ind Est, Steel Dr",+44 7469 955625,https://truhair.co.uk/,ChIJNWPoGESbcEgRx_zbow-3E3c,Cosmetic Systems,NO
26fc05fe-8c04-4fa9-a7e4-0a559192097c,Hair Replacement Hub,Wolverhampton,Garden Village,,,ChIJPyZy11eFcEgRQyzuEUt_YPY,Cosmetic Systems,NO
ef7dd0f2-a578-4936-bb1f-5ca5da9a2c2a,Midland Hair Clinic,Wolverhampton,5 Anders Square,+44 7526 377447,,ChIJrRupKEyFcEgRjD20kp_-9M0,Cosmetic Systems,NO
96856777-10c4-4080-8581-a6f6b81dccbe,Pink Hair,Wolverhampton,"Unit 4, Fordhouse Road Industrial Estate, Steel Dr",+44 7525 000505,https://pinkhairsolutions.co.uk/,ChIJNWPoGESbcEgRx_zbow-3E3c,Cosmetic Systems,NO
ed36c259-526f-4ec5-8551-9a82c7480144,Hair Loss Laser Group,Wolverhampton,53 Napier Rd,+44 800 690 6913,,ChIJta49pr6bcEgRr013Y8TaV9U,Cosmetic Systems,NO
79bb7111-4e17-4384-ab5e-f2b0d9d63897,Hair Regrowth Clinic | Wolverhampton,Wolverhampton,84 Salop St,+44 1902 921900,,ChIJQ7OY-E6bcEgRsMf72Sp-fhE,Cosmetic Systems,NO
40f33611-e6b6-4c73-9330-f46b5f70ffbf,Hair loss centre worcester,Worcester,"Ground Floor, Room 2, 10 Angel St",+44 7720 307399,http://www.facebook.com/salebesthairextensions,ChIJa88P8HfxcEgRIcMwJyOf_iw,Cosmetic Systems,NO